fold,cost,f1,auc,precision,recall
0,228,0.8547008547008547,0.8767286268329239,0.9722222222222222,0.7625272331154684
1,245,0.8446115288220551,0.8586003014259767,0.9911764705882353,0.7358078602620087
2,206,0.8710462287104623,0.8883288426399083,0.9835164835164835,0.7816593886462883
3,237,0.851063829787234,0.8713532472359007,0.9970674486803519,0.74235807860262
4,203,0.8719806763285024,0.8788403171358667,0.9756756756756757,0.7882096069868996
