fold,cost,f1,auc,precision,recall
0,222,0.8554360812425329,0.886772045303543,0.9470899470899471,0.7799564270152506
1,248,0.8401486988847584,0.8731556981102909,0.9713467048710601,0.740174672489083
2,209,0.8686131386861314,0.8788248319861254,0.9807692307692307,0.7794759825327511
3,236,0.8480392156862745,0.8847750007742575,0.9664804469273743,0.7554585152838428
4,203,0.8727272727272727,0.8938183282232339,0.9809264305177112,0.7860262008733624
