fold,cost,f1,auc,precision,recall
0,221,0.8613496932515338,0.8825499466926251,0.9859550561797753,0.7647058823529411
1,245,0.8413284132841329,0.86613208640878,0.9633802816901409,0.7467248908296943
2,203,0.8727272727272727,0.8951694075381709,0.9809264305177112,0.7860262008733624
3,246,0.8428927680798005,0.8605407414289696,0.9825581395348837,0.7379912663755459
4,202,0.8693586698337292,0.8904677289479389,0.953125,0.7991266375545851
