fold,cost,f1,auc,precision,recall
0,0.4926760302229639,0.8547008547008547,0.8767286268329239,0.9722222222222222,0.7625272331154684
1,0.5268462341075085,0.844059405940594,0.8593461374966187,0.9742857142857143,0.7445414847161572
2,0.44731952057976404,0.8710462287104623,0.8883288426399083,0.9835164835164835,0.7816593886462883
3,0.5170568924401499,0.851063829787234,0.8713532472359007,0.9970674486803519,0.74235807860262
4,0.4395382328347115,0.8719806763285024,0.8788403171358667,0.9756756756756757,0.7882096069868996
