fold,cost,f1,auc,precision,recall
0,0.4926760302229639,0.8486352357320099,0.8767286268329239,0.9855907780979827,0.7450980392156863
1,0.5250763226030838,0.8419753086419753,0.8593461374966187,0.96875,0.7445414847161572
2,0.45263866951593423,0.8635235732009926,0.8883288426399083,1.0,0.759825327510917
3,0.5170568924401499,0.8452830188679246,0.8713532472359007,0.9970326409495549,0.7336244541484717
4,0.4429527083526898,0.8676470588235294,0.8788403171358667,0.9888268156424581,0.7729257641921398
